/*
 Navicat Premium Data Transfer

 Source Server         : localdb
 Source Server Type    : MySQL
 Source Server Version : 50733
 Source Host           : localhost:3306
 Source Schema         : ometraco_ecom

 Target Server Type    : MySQL
 Target Server Version : 50733
 File Encoding         : 65001

 Date: 11/08/2024 23:21:39
*/

SET NAMES utf8mb4;
SET FOREIGN_KEY_CHECKS = 0;

-- ----------------------------
-- Table structure for banners
-- ----------------------------
DROP TABLE IF EXISTS `banners`;
CREATE TABLE `banners`  (
  `id` int(11) NOT NULL AUTO_INCREMENT,
  `image` longtext CHARACTER SET latin1 COLLATE latin1_swedish_ci NULL,
  `title` varchar(255) CHARACTER SET latin1 COLLATE latin1_swedish_ci NULL DEFAULT NULL,
  `description` varchar(255) CHARACTER SET latin1 COLLATE latin1_swedish_ci NULL DEFAULT NULL,
  `is_show` enum('yes','no') CHARACTER SET latin1 COLLATE latin1_swedish_ci NULL DEFAULT 'no',
  `show_text` enum('yes','no') CHARACTER SET latin1 COLLATE latin1_swedish_ci NULL DEFAULT 'no',
  PRIMARY KEY (`id`) USING BTREE
) ENGINE = InnoDB AUTO_INCREMENT = 3 CHARACTER SET = latin1 COLLATE = latin1_swedish_ci ROW_FORMAT = Dynamic;

-- ----------------------------
-- Records of banners
-- ----------------------------
INSERT INTO `banners` VALUES (1, '1722996608_3909789a10704c198611.jpg', 'Peralatan Perkakas', 'Temukan alat - alat  berkualitas tinggi untuk kebutuhan konstruksi dan industri Anda. Efisien, tahan lama, dan harga kompetitif.', 'yes', 'yes');
INSERT INTO `banners` VALUES (2, '1723025453_f056c8f1cac8f1c83f1c.jpg', 'Mesin Industri', 'Mesin industri berkualitas untuk meningkatkan efisiensi dan performa produksi Anda.', 'yes', 'no');

-- ----------------------------
-- Table structure for carousels
-- ----------------------------
DROP TABLE IF EXISTS `carousels`;
CREATE TABLE `carousels`  (
  `id` int(11) NOT NULL AUTO_INCREMENT,
  `name` varchar(255) CHARACTER SET latin1 COLLATE latin1_swedish_ci NULL DEFAULT NULL,
  `description` varchar(255) CHARACTER SET latin1 COLLATE latin1_swedish_ci NULL DEFAULT NULL,
  `item` longtext CHARACTER SET latin1 COLLATE latin1_swedish_ci NULL,
  `show_front` enum('yes','no') CHARACTER SET latin1 COLLATE latin1_swedish_ci NULL DEFAULT 'no',
  PRIMARY KEY (`id`) USING BTREE
) ENGINE = InnoDB AUTO_INCREMENT = 2 CHARACTER SET = latin1 COLLATE = latin1_swedish_ci ROW_FORMAT = Dynamic;

-- ----------------------------
-- Records of carousels
-- ----------------------------
INSERT INTO `carousels` VALUES (1, 'Barang Promo', 'Barang promo sampai desember - january', '2,3,8,9,10,14,28', 'yes');

-- ----------------------------
-- Table structure for categories
-- ----------------------------
DROP TABLE IF EXISTS `categories`;
CREATE TABLE `categories`  (
  `id` int(11) NOT NULL AUTO_INCREMENT,
  `name` varchar(255) CHARACTER SET latin1 COLLATE latin1_swedish_ci NOT NULL,
  `image` longtext CHARACTER SET latin1 COLLATE latin1_swedish_ci NULL,
  `show_menu` enum('yes','no') CHARACTER SET latin1 COLLATE latin1_swedish_ci NULL DEFAULT 'no',
  PRIMARY KEY (`id`) USING BTREE
) ENGINE = InnoDB AUTO_INCREMENT = 12 CHARACTER SET = latin1 COLLATE = latin1_swedish_ci ROW_FORMAT = Dynamic;

-- ----------------------------
-- Records of categories
-- ----------------------------
INSERT INTO `categories` VALUES (1, 'Bahan Baku dan Material', '1723007368_4e42c9a01a2ed04de5f2.jpeg', 'yes');
INSERT INTO `categories` VALUES (2, 'Mesin dan Peralatan Industri', '1723007469_7f16b18347251f6760d6.jpg', 'yes');
INSERT INTO `categories` VALUES (3, 'Komponen Elektronik dan Listrik', '1723007671_42170e211ca035b21a21.jpeg', 'yes');
INSERT INTO `categories` VALUES (4, 'Alat dan Perkakas', '1723007769_8e57b5cbb696cbfc235f.jpeg', 'yes');
INSERT INTO `categories` VALUES (5, 'Perlengkapan Keamanan dan Keselamatan', '1723008014_7e9dc5986ae41be53e5c.jpeg', 'yes');
INSERT INTO `categories` VALUES (6, 'Produk Mekanik dan Hidrolik', '1723008447_2aaa9b71214bae4f89c5.jpeg', 'yes');
INSERT INTO `categories` VALUES (7, 'Peralatan Laboratorium dan Pengujian', '1723008510_2689a0b907b78fda9980.jpeg', 'yes');
INSERT INTO `categories` VALUES (8, 'Peralatan HVAC dan Sistem Pendingin', '1723008630_c485ad805b2dc37d4ed4.jpeg', 'yes');
INSERT INTO `categories` VALUES (9, 'Konstruksi dan Infrastruktur', '1723009712_5a900c7e1d29de967b24.jpeg', 'yes');
INSERT INTO `categories` VALUES (10, 'Transportasi dan Logistik', '1723010475_083caff186178c64bab1.webp', 'yes');
INSERT INTO `categories` VALUES (11, 'Produk Ramah Lingkungan dan Energi Terbarukan', '1723010513_9e776b7e38763a4c40fe.png', 'yes');

-- ----------------------------
-- Table structure for contacts
-- ----------------------------
DROP TABLE IF EXISTS `contacts`;
CREATE TABLE `contacts`  (
  `id` int(11) NOT NULL AUTO_INCREMENT,
  `name` varchar(255) CHARACTER SET latin1 COLLATE latin1_swedish_ci NULL DEFAULT NULL,
  `email` varchar(255) CHARACTER SET latin1 COLLATE latin1_swedish_ci NULL DEFAULT NULL,
  `pesan` longtext CHARACTER SET latin1 COLLATE latin1_swedish_ci NULL,
  PRIMARY KEY (`id`) USING BTREE
) ENGINE = InnoDB AUTO_INCREMENT = 5 CHARACTER SET = latin1 COLLATE = latin1_swedish_ci ROW_FORMAT = Dynamic;

-- ----------------------------
-- Records of contacts
-- ----------------------------
INSERT INTO `contacts` VALUES (4, 'testing', 'gigi@mail.com', 'helllo world');

-- ----------------------------
-- Table structure for product_categories
-- ----------------------------
DROP TABLE IF EXISTS `product_categories`;
CREATE TABLE `product_categories`  (
  `product_id` int(11) NOT NULL,
  `category_id` int(11) NOT NULL,
  PRIMARY KEY (`product_id`, `category_id`) USING BTREE,
  INDEX `category_id`(`category_id`) USING BTREE,
  CONSTRAINT `product_categories_ibfk_1` FOREIGN KEY (`product_id`) REFERENCES `products` (`id`) ON DELETE CASCADE ON UPDATE RESTRICT,
  CONSTRAINT `product_categories_ibfk_2` FOREIGN KEY (`category_id`) REFERENCES `categories` (`id`) ON DELETE CASCADE ON UPDATE RESTRICT
) ENGINE = InnoDB CHARACTER SET = latin1 COLLATE = latin1_swedish_ci ROW_FORMAT = Dynamic;

-- ----------------------------
-- Records of product_categories
-- ----------------------------
INSERT INTO `product_categories` VALUES (2, 1);
INSERT INTO `product_categories` VALUES (5, 1);
INSERT INTO `product_categories` VALUES (6, 1);
INSERT INTO `product_categories` VALUES (27, 1);
INSERT INTO `product_categories` VALUES (28, 1);
INSERT INTO `product_categories` VALUES (3, 2);
INSERT INTO `product_categories` VALUES (4, 2);
INSERT INTO `product_categories` VALUES (25, 2);
INSERT INTO `product_categories` VALUES (26, 2);
INSERT INTO `product_categories` VALUES (7, 3);
INSERT INTO `product_categories` VALUES (8, 3);
INSERT INTO `product_categories` VALUES (29, 3);
INSERT INTO `product_categories` VALUES (30, 3);
INSERT INTO `product_categories` VALUES (9, 4);
INSERT INTO `product_categories` VALUES (10, 4);
INSERT INTO `product_categories` VALUES (31, 4);
INSERT INTO `product_categories` VALUES (32, 4);
INSERT INTO `product_categories` VALUES (11, 5);
INSERT INTO `product_categories` VALUES (12, 5);
INSERT INTO `product_categories` VALUES (33, 5);
INSERT INTO `product_categories` VALUES (34, 5);
INSERT INTO `product_categories` VALUES (13, 6);
INSERT INTO `product_categories` VALUES (14, 6);
INSERT INTO `product_categories` VALUES (35, 6);
INSERT INTO `product_categories` VALUES (36, 6);
INSERT INTO `product_categories` VALUES (15, 7);
INSERT INTO `product_categories` VALUES (16, 7);
INSERT INTO `product_categories` VALUES (37, 7);
INSERT INTO `product_categories` VALUES (38, 7);
INSERT INTO `product_categories` VALUES (17, 8);
INSERT INTO `product_categories` VALUES (18, 8);
INSERT INTO `product_categories` VALUES (39, 8);
INSERT INTO `product_categories` VALUES (40, 8);
INSERT INTO `product_categories` VALUES (19, 9);
INSERT INTO `product_categories` VALUES (20, 9);
INSERT INTO `product_categories` VALUES (41, 9);
INSERT INTO `product_categories` VALUES (42, 9);
INSERT INTO `product_categories` VALUES (21, 10);
INSERT INTO `product_categories` VALUES (22, 10);
INSERT INTO `product_categories` VALUES (43, 10);
INSERT INTO `product_categories` VALUES (44, 10);
INSERT INTO `product_categories` VALUES (23, 11);
INSERT INTO `product_categories` VALUES (24, 11);
INSERT INTO `product_categories` VALUES (45, 11);
INSERT INTO `product_categories` VALUES (46, 11);

-- ----------------------------
-- Table structure for products
-- ----------------------------
DROP TABLE IF EXISTS `products`;
CREATE TABLE `products`  (
  `id` int(11) NOT NULL AUTO_INCREMENT,
  `name` varchar(255) CHARACTER SET latin1 COLLATE latin1_swedish_ci NOT NULL,
  `description` text CHARACTER SET latin1 COLLATE latin1_swedish_ci NULL,
  `price` decimal(10, 2) NOT NULL,
  `image` longtext CHARACTER SET latin1 COLLATE latin1_swedish_ci NULL,
  `location` varchar(100) CHARACTER SET latin1 COLLATE latin1_swedish_ci NULL DEFAULT NULL,
  `stok` int(11) NULL DEFAULT NULL,
  `discount_nominal` decimal(10, 2) NULL DEFAULT NULL,
  PRIMARY KEY (`id`) USING BTREE
) ENGINE = InnoDB AUTO_INCREMENT = 47 CHARACTER SET = latin1 COLLATE = latin1_swedish_ci ROW_FORMAT = Dynamic;

-- ----------------------------
-- Records of products
-- ----------------------------
INSERT INTO `products` VALUES (2, ' Besi Beton Polos SNI Ukuran 8mm x 12 Meter DPP Steel', '<p style=\"font-family: Montserrat, sans-serif; color: rgb(0, 0, 0); font-size: 14px; white-space-collapse: preserve-breaks;\">Besi Beton Polos SNI dengan ukuran 8mm x 12 Meter adalah pilihan yang tepat untuk kebutuhan konstruksi Anda yang membutuhkan keandalan dan kekokohan struktural. Diproduksi sesuai dengan standar kualitas nasional, produk ini menawarkan kepatuhan yang tinggi terhadap spesifikasi teknis dan performa yang handal dalam berbagai kondisi.</p><p><br style=\"font-family: Montserrat, sans-serif; color: rgb(0, 0, 0); font-size: 14px; white-space-collapse: preserve-breaks;\"></p><p style=\"font-family: Montserrat, sans-serif; color: rgb(0, 0, 0); font-size: 14px; white-space-collapse: preserve-breaks;\">Besi Beton Polos SNI memiliki berbagai fungsi dalam proyek konstruksi. Dengan kekuatan yang terjamin dan ketahanan yang baik terhadap beban dan tekanan, produk ini menjadi pilihan yang ideal untuk berbagai aplikasi, mulai dari pembangunan gedung tinggi hingga infrastruktur publik. Dengan kualitas terjamin dan reputasi yang baik, Besi Beton Polos SNI 8mm x 12 Meter adalah pilihan yang tepat untuk memastikan kekokohan dan keamanan bangunan Anda.</p><p><br style=\"font-family: Montserrat, sans-serif; color: rgb(0, 0, 0); font-size: 14px; white-space-collapse: preserve-breaks;\"></p><p style=\"font-family: Montserrat, sans-serif; color: rgb(0, 0, 0); font-size: 14px; white-space-collapse: preserve-breaks;\">Pilihlah Besi Beton Polos SNI 8mm x 12 Meter untuk proyek konstruksi Anda dan dapatkan hasil yang kokoh dan tahan lama. Info pemesanan, hubungi marketing kami di nomor 0821-3355-5559. Dapatkan harga istimewa, hubungi marketing kami segera! Pesanan Anda, siap kami kirim ke seluruh daerah di Indonesia.</p>', 44556.00, '1722930245_3158f1011112d69c8aaa.jpeg', 'Jakarta', 10, NULL);
INSERT INTO `products` VALUES (3, 'Siemens Automation Controller', '<p>The Siemens Automation Controller is a state-of-the-art programmable logic controller (PLC) designed to meet the demanding needs of modern industrial automation. It provides advanced features and high performance for controlling complex processes in manufacturing, assembly, and other industrial environments. The controller supports seamless integration with various sensors, actuators, and communication protocols, offering flexibility and scalability for a wide range of applications.</p><br><h3>Key Features:</h3><ul><li><strong>High Processing Power:</strong>Equipped with a powerful CPU for fast and efficient processing of complex automation tasks.</li><li><strong>Modular Design:</strong>Allows for easy expansion and customization with a wide range of input/output modules.</li><li><strong>Network Connectivity:</strong>Supports multiple industrial communication standards, including Ethernet/IP, PROFINET, and Modbus, ensuring smooth integration into existing networks.</li><li><strong>Robust Security:</strong>Incorporates advanced cybersecurity features to protect against unauthorized access and data breaches.</li><li><strong>User-Friendly Interface:</strong>Intuitive programming environment with support for various programming languages, including Ladder Logic, Function Block Diagram, and Structured Text.</li></ul><p>Ideal for industries such as automotive, food and beverage, pharmaceuticals, and more, the Siemens Automation Controller enhances productivity and efficiency by delivering reliable and precise control over industrial processes.</p>', 700000.00, '1722997819_6b43a6992379f793ac88.webp', 'Jakarta', 10, NULL);
INSERT INTO `products` VALUES (4, 'FANUC Robotics Arm', '<p>The FANUC Robotics Arm is a versatile and advanced robotic solution designed for a wide range of assembly and manufacturing tasks. This robotic arm offers precision and reliability, making it an ideal choice for industries seeking to enhance automation and efficiency. Its robust design and flexible capabilities allow it to perform complex operations with ease, reducing manual labor and improving productivity.<br>The FANUC Robotics Arm can be seamlessly integrated into existing manufacturing lines, providing unparalleled performance and adaptability.</p><br><h3>Key Features:</h3><ul><li><strong>High Precision:</strong>Delivers accurate and repeatable performance for intricate tasks and delicate operations.</li><li><strong>Flexible Configuration:</strong>Supports multiple configurations to suit various applications, from assembly to material handling.</li><li><strong>Robust Construction:</strong>Built to withstand harsh industrial environments, ensuring long-term durability and reliability.</li><li><strong>Easy Integration:</strong>Compatible with various sensors and controllers, facilitating seamless integration into existing systems.</li><li><strong>Energy Efficient:</strong>Designed with energy-saving features to minimize power consumption and operational costs.</li></ul><p>Ideal for automotive, electronics, food and beverage, and more, the FANUC Robotics Arm enhances operational efficiency by automating complex tasks with precision and speed.</p>', 2500000.00, '1722997891_0223c53c9b813cc12095.jpg', 'Surabaya', 10, NULL);
INSERT INTO `products` VALUES (5, 'BASF Polycarbonate Sheets', '<p>BASF Polycarbonate Sheets are highly durable and versatile materials designed for a wide range of industrial applications. Known for their exceptional strength and clarity, these sheets are ideal for environments where impact resistance and transparency are essential. They provide excellent thermal and electrical insulation properties, making them suitable for both indoor and outdoor use in various industries.<br>These polycarbonate sheets are engineered to withstand harsh conditions while maintaining their integrity and appearance over time.</p><br><h3>Key Features:</h3><ul><li><strong>Impact Resistance:</strong>Offers superior impact resistance compared to glass and acrylic, making it ideal for high-stress environments.</li><li><strong>Lightweight:</strong>Provides a lightweight alternative to glass, reducing structural load and ease of handling.</li><li><strong>UV Protection:</strong>Features UV-resistant coating to protect against yellowing and degradation from sunlight exposure.</li><li><strong>High Clarity:</strong>Delivers excellent optical clarity, allowing for maximum light transmission and visibility.</li><li><strong>Fire Retardant:</strong>Meets industry standards for fire resistance, ensuring safety in various applications.</li></ul><p>Perfect for use in industries such as construction, automotive, aerospace, and signage, BASF Polycarbonate Sheets offer unmatched performance and reliability, contributing to innovative solutions in challenging environments.</p>', 400000.00, '1722999762_66814b672a368518d4ad.jpg', 'Bandung', 10, NULL);
INSERT INTO `products` VALUES (6, 'Dupont Kevlar Fiber', '<p>Dupont Kevlar Fiber is a high-strength material renowned for its exceptional durability and resistance to impact, making it an ideal choice for protective gear and other demanding applications. This innovative fiber combines lightweight properties with superior tensile strength, offering unparalleled protection in a variety of environments. Its versatility and robustness make it a preferred choice for manufacturers seeking to enhance the safety and performance of their products.<br>Kevlar\'s unique composition enables it to absorb and dissipate energy, providing effective protection against a range of threats.</p><br><h3>Key Features:</h3><ul><li><strong>Superior Strength:</strong>Provides five times the strength of steel on an equal-weight basis, offering high durability and protection.</li><li><strong>Lightweight:</strong>Combines high strength with low weight, allowing for comfortable and effective protective gear.</li><li><strong>Thermal Stability:</strong>Maintains performance and integrity across a wide temperature range, suitable for extreme conditions.</li><li><strong>Chemical Resistance:</strong>Resistant to a wide range of chemicals, ensuring long-lasting durability in harsh environments.</li><li><strong>Flexibility:</strong>Allows for versatile design applications, from body armor to aerospace components.</li></ul><p>Ideal for use in industries such as law enforcement, military, aerospace, and sports equipment, Dupont Kevlar Fiber is a key component in the development of high-performance protective solutions.</p>', 600000.00, '1722999806_a81112b62c2b768f4873.jpeg', 'Medan', 10, NULL);
INSERT INTO `products` VALUES (7, 'Microchip PIC Microcontroller', '<p>The Microchip PIC Microcontroller is a versatile and widely used integrated circuit designed for embedded systems and electronics projects. Known for its flexibility and ease of use, the PIC microcontroller offers a wide range of features suitable for various applications, from simple to complex designs. Its robust architecture and extensive support ecosystem make it an excellent choice for developers and engineers looking to create innovative solutions.<br>With low power consumption and high performance, the PIC microcontroller is ideal for battery-powered and resource-constrained applications.</p><br><h3>Key Features:</h3><ul><li><strong>Wide Range of Models:</strong>Available in numerous configurations, providing options for various pin counts, memory sizes, and peripherals.</li><li><strong>Low Power Consumption:</strong>Designed for energy efficiency, ideal for applications requiring long battery life.</li><li><strong>Integrated Peripherals:</strong>Includes built-in peripherals such as ADCs, DACs, timers, and communication interfaces.</li><li><strong>Scalable Performance:</strong>Offers a range of performance levels to meet the demands of simple to advanced projects.</li><li><strong>Comprehensive Development Tools:</strong>Supported by a wide array of development tools, including MPLAB X IDE and XC compilers.</li></ul><p>Suitable for use in consumer electronics, automotive systems, home automation, and industrial control, the Microchip PIC Microcontroller is a key component in the development of reliable and efficient embedded solutions.</p>', 450000.00, '1723000000_e2e6117dc8e974c230e9.webp', 'Denpasar', 10, NULL);
INSERT INTO `products` VALUES (8, 'Fluke Digital Multimeter', '<p>The Fluke Digital Multimeter is an advanced tool designed for precise and reliable electrical measurements in both industrial and residential settings. Known for its accuracy and durability, this multimeter provides a comprehensive range of measurement capabilities, including voltage, current, resistance, and more. Engineered with the latest technology, Fluke multimeters are trusted by professionals worldwide for their robust performance and ease of use.<br>Whether you\'re troubleshooting complex electrical systems or performing routine maintenance, the Fluke Digital Multimeter is an essential tool for any electrician or engineer.</p><br><h3>Key Features:</h3><ul><li><strong>High Accuracy:</strong>Delivers precise measurements with minimal error, ensuring reliable data for critical tasks.</li><li><strong>Robust Design:</strong>Built to withstand tough environments with a rugged casing and high ingress protection rating.</li><li><strong>Wide Measurement Range:</strong>Capable of measuring a variety of electrical parameters, including AC/DC voltage, current, resistance, capacitance, and frequency.</li><li><strong>Backlit Display:</strong>Features a large, easy-to-read backlit display for clear visibility in low-light conditions.</li><li><strong>Safety Features:</strong>Includes safety ratings for electrical environments, with overload protection and CAT III/IV compliance.</li></ul><p>Ideal for use in industries such as electronics, telecommunications, automotive, and electrical engineering, the Fluke Digital Multimeter enhances productivity and accuracy by providing reliable measurements and diagnostics.</p>', 250000.00, '1723000050_18b05ece83829fc90b68.png', 'Bekasi', 10, NULL);
INSERT INTO `products` VALUES (9, 'Hitachi Impact Driver', '<p>The Hitachi High-Torque Impact Driver is a powerful tool designed for heavy-duty fastening tasks, providing exceptional performance and reliability for professional contractors and DIY enthusiasts alike. This impact driver is engineered to deliver high torque output, making it ideal for driving large screws and bolts into tough materials with ease. With its ergonomic design and advanced features, the Hitachi Impact Driver ensures comfortable and efficient operation even in demanding work environments.<br>Whether you\'re working on construction projects or assembling complex structures, this impact driver is built to handle the toughest jobs with precision and power.</p><br><h3>Key Features:</h3><ul><li><strong>High Torque Output:</strong>Delivers exceptional torque for fastening applications, making it suitable for heavy-duty tasks.</li><li><strong>Compact and Lightweight:</strong>Features a compact design for easy handling and maneuverability in tight spaces.</li><li><strong>Variable Speed Control:</strong>Offers variable speed settings to match the demands of different applications and materials.</li><li><strong>Ergonomic Grip:</strong>Designed with an ergonomic handle for improved comfort and reduced fatigue during extended use.</li><li><strong>Durable Construction:</strong>Built with high-quality materials to withstand the rigors of professional use and ensure long-lasting performance.</li></ul><p>Ideal for use in construction, woodworking, automotive, and general maintenance, the Hitachi High-Torque Impact Driver enhances productivity and precision by delivering reliable power and control for a wide range of fastening tasks.</p>', 11000.00, '1723001544_bdcaa451698eb5392fac.jpg', 'Semarang', 10, NULL);
INSERT INTO `products` VALUES (10, 'Hilti Rotary Hammer', '<p>The Hilti Rotary Hammer is a powerful tool designed for both drilling and demolition tasks, offering exceptional performance and durability for professional construction and renovation projects. Engineered with advanced technology, this rotary hammer delivers high-impact energy and rotational power, making it ideal for breaking through concrete, masonry, and other tough materials with ease. Its robust design and user-friendly features ensure efficient operation and reliability in demanding work environments.<br>Whether you\'re tackling heavy-duty drilling or demolition tasks, the Hilti Rotary Hammer is built to provide consistent performance and durability.</p><br><h3>Key Features:</h3><ul><li><strong>High Impact Energy:</strong>Provides substantial impact force for efficient drilling and demolition, handling tough materials with ease.</li><li><strong>Versatile Operation:</strong>Capable of performing multiple functions, including drilling, chiseling, and hammering, for a wide range of applications.</li><li><strong>Ergonomic Design:</strong>Features a comfortable grip and balanced weight distribution to reduce user fatigue and improve control during extended use.</li><li><strong>Durable Construction:</strong>Built with high-quality materials to withstand harsh working conditions and ensure long-lasting performance.</li><li><strong>Advanced Vibration Control:</strong>Equipped with vibration reduction technology to minimize user discomfort and enhance safety during operation.</li></ul><p>Ideal for use in construction, demolition, renovation, and heavy-duty drilling projects, the Hilti Rotary Hammer enhances productivity and efficiency by delivering powerful performance and reliability for a variety of tasks.</p>', 35000.00, '1723001655_664130d17bdc4f0b2c6a.jpg', 'Yogyakarta', 10, NULL);
INSERT INTO `products` VALUES (11, 'Ansell Cut-Resistant Gloves', '<p>Ansell Cut-Resistant Gloves are specifically designed to provide superior protection and safety in hazardous environments. Engineered with advanced materials, these gloves offer high levels of cut resistance while maintaining flexibility and dexterity. Ideal for a variety of industries, including manufacturing, construction, and logistics, these gloves ensure that workers\' hands are protected from sharp objects and cutting hazards.<br>With a focus on both safety and comfort, Ansell Cut-Resistant Gloves are a reliable choice for environments where hand protection is critical.</p><br><h3>Key Features:</h3><ul><li><strong>High Cut Resistance:</strong>Made with advanced fibers that provide excellent protection against cuts and abrasions, reducing the risk of hand injuries.</li><li><strong>Comfortable Fit:</strong>Designed for a snug yet comfortable fit, allowing for prolonged use without compromising dexterity.</li><li><strong>Enhanced Grip:</strong>Features a textured surface for improved grip and control, even in oily or wet conditions.</li><li><strong>Breathable Material:</strong>Constructed with breathable fabrics to ensure ventilation and reduce hand fatigue during extended wear.</li><li><strong>Durable Construction:</strong>Built to withstand tough conditions, offering long-lasting protection and performance in demanding work environments.</li></ul><p>Suitable for use in industries such as automotive, construction, manufacturing, and warehousing, Ansell Cut-Resistant Gloves enhance workplace safety by providing reliable hand protection and comfort for workers in high-risk environments.</p>', 30000.00, '1723001732_664b31acc9e05c856296.jpeg', 'Palembang', 10, NULL);
INSERT INTO `products` VALUES (12, 'Honeywell Safety Goggles', '<h2>Honeywell Protective Safety Goggles</h2><p>Honeywell Protective Safety Goggles are designed to offer superior eye protection in various hazardous environments. Equipped with advanced anti-fog lenses, these goggles ensure clear vision and reduce the risk of eye injuries caused by debris, chemicals, or intense light. Ideal for use in industrial, laboratory, and construction settings, these goggles provide comfort and durability without compromising safety.<br>The ergonomic design and high-quality materials make Honeywell Safety Goggles a reliable choice for safeguarding your eyes during demanding tasks.</p><br><h3>Key Features:</h3><ul><li><strong>Anti-Fog Lenses:</strong>Equipped with a special coating that prevents fogging, ensuring clear vision and reducing distractions during use.</li><li><strong>Impact Resistance:</strong>Constructed from durable materials to provide effective protection against flying debris and other hazards.</li><li><strong>Comfortable Fit:</strong>Designed with an adjustable strap and cushioned seal to ensure a snug, comfortable fit for extended wear.</li><li><strong>Wide Field of Vision:</strong>Offers a broad lens design for enhanced peripheral vision, allowing for better visibility and safety.</li><li><strong>UV Protection:</strong>Provides protection against harmful UV rays, making it suitable for both indoor and outdoor applications.</li></ul><p>Suitable for use in various industries, including manufacturing, construction, and laboratory work, Honeywell Protective Safety Goggles enhance eye safety and comfort by offering reliable protection and clear vision in challenging environments.</p>', 18000.00, '1723001870_fb5e80e89aa290097fc8.jpeg', 'Balikpapan', 10, NULL);
INSERT INTO `products` VALUES (13, 'Parker Hydraulic Hose', '<h2>Protective Safety Goggles</h2><p>These Protective Safety Goggles are designed to offer superior eye protection in various hazardous environments. Equipped with advanced anti-fog lenses, they ensure clear vision and reduce the risk of eye injuries caused by debris, chemicals, or intense light. Ideal for use in industrial, laboratory, and construction settings, these goggles provide comfort and durability without compromising safety.<br>The ergonomic design and high-quality materials make these Safety Goggles a reliable choice for safeguarding your eyes during demanding tasks.</p><br><h3>Key Features:</h3><ul><li><strong>Anti-Fog Lenses:</strong>Equipped with a special coating that prevents fogging, ensuring clear vision and reducing distractions during use.<br></li><li><strong>Impact Resistance:</strong>Constructed from durable materials to provide effective protection against flying debris and other hazards.<br></li><li><strong>Comfortable Fit:</strong>Designed with an adjustable strap and cushioned seal to ensure a snug, comfortable fit for extended wear.<br></li><li><strong>Wide Field of Vision:</strong>Offers a broad lens design for enhanced peripheral vision, allowing for better visibility and safety.<br></li><li><strong>UV Protection:</strong>Provides protection against harmful UV rays, making it suitable for both indoor and outdoor applications.<br></li></ul><p>Suitable for use in various industries, including manufacturing, construction, and laboratory work, these Protective Safety Goggles enhance eye safety and comfort by offering reliable protection and cle', 12000.00, '1723002030_7f6a32694c571622e940.webp', 'Pekanbaru', 10, NULL);
INSERT INTO `products` VALUES (14, 'Bosch Pneumatic Tools', '<h2>Pneumatic Tools</h2><p>These Pneumatic Tools are designed to meet the demands of various industrial applications, providing reliable and efficient performance. Engineered for durability and ease of use, they are ideal for tasks such as drilling, sanding, and cutting. The pneumatic operation ensures consistent power delivery and reduces the strain on the user, making these tools suitable for both heavy-duty and precision tasks.<br>Built with high-quality materials and advanced technology, these Pneumatic Tools are a dependable choice for professionals seeking performance and reliability in challenging work environments.</p><br><h3>Key Features:</h3><ul><li><strong>High Power Output:</strong>Delivers robust performance for a wide range of applications, including heavy-duty tasks and precision work.<br></li><li><strong>Durable Construction:</strong>Made with high-quality materials to withstand tough conditions and ensure long-lasting use.<br></li><li><strong>Ergonomic Design:</strong>Features a comfortable grip and balanced weight distribution to reduce user fatigue and improve control.<br></li><li><strong>Versatile Operation:</strong>Suitable for a variety of tasks, including drilling, sanding, and cutting, offering flexibility in industrial settings.<br></li><li><strong>Efficient Pneumatic Operation:</strong>Utilizes compressed air to provide consistent power and performance, reducing the need for manual effort.<br></li></ul><p>Ideal for use in manufacturing, construction, automotive, and maintenance applications, these Pneumatic Tools enhance productivity and precision by offering reliable performance and user comfort in demanding environments.</p>', 2001000.00, '1723002104_ba8a579b5dc829ea17c8.jpg', 'Banda Aceh', 10, NULL);
INSERT INTO `products` VALUES (15, 'Zeiss Optical Microscope', '<h2>High-Precision Optical Microscope</h2><p>This High-Precision Optical Microscope is engineered for advanced laboratory use, providing exceptional clarity and detail for scientific and research applications. Designed with cutting-edge optics, it offers high magnification and resolution, enabling precise observation and analysis of microscopic samples. The microscope\'s robust construction and advanced features ensure reliability and accuracy in demanding laboratory environments.<br>Ideal for researchers, scientists, and laboratory technicians, this optical microscope delivers superior performance and precision for a wide range of applications.</p><br><h3>Key Features:</h3><ul><li><strong>Exceptional Optical Clarity:</strong>Equipped with high-quality lenses and advanced optical systems to provide clear and detailed images at various magnifications.<br></li><li><strong>High Magnification and Resolution:</strong>Offers a range of magnification options and high resolution to observe fine details in microscopic samples.<br></li><li><strong>Durable Construction:</strong>Built with robust materials to withstand the rigors of frequent use and ensure long-lasting performance.<br></li><li><strong>Ergonomic Design:</strong>Features user-friendly controls and adjustable components for ease of use and comfort during extended observation sessions.<br></li><li><strong>Advanced Illumination:</strong>Includes adjustable illumination systems to enhance visibility and contrast, aiding in the accurate analysis of samples.<br></li></ul><p>Suitable for use in biological research, materials science, and clinical diagnostics, this High-Precision Optical Microscope enhances the accuracy and efficiency of laboratory work by providing reliable and detailed observations.</p>', 800000.00, '1723002337_2b3791dd06c4fa4a0fa2.jpg', 'Malang', 10, NULL);
INSERT INTO `products` VALUES (16, 'PerkinElmer Laboratory Centrifuge', '<h2>High-Speed Laboratory Centrifuge</h2><p>The High-Speed Laboratory Centrifuge is a powerful and efficient tool designed for rapid sample separation in laboratory settings. Engineered to deliver high rotational speeds and precise performance, this centrifuge is ideal for applications such as separating biological samples, purifying proteins, and isolating cellular components. Its advanced technology ensures consistent results and reliable operation, even under demanding conditions.<br>With a focus on speed, accuracy, and ease of use, this centrifuge is an essential piece of equipment for researchers and laboratory technicians.</p><br><h3>Key Features:</h3><ul><li><strong>High-Speed Operation:</strong>Capable of reaching high rotational speeds for efficient and rapid sample separation.<br></li><li><strong>Precise Control:</strong>Features adjustable speed and time settings for accurate and customizable separation processes.<br></li><li><strong>Durable Construction:</strong>Built with high-quality materials to ensure long-lasting performance and withstand frequent use.<br></li><li><strong>Easy-to-Use Interface:</strong>Designed with a user-friendly control panel for intuitive operation and quick setup.<br></li><li><strong>Versatile Capacity:</strong>Accommodates a range of sample sizes and types, making it suitable for various laboratory applications.<br></li></ul><p>Ideal for use in research laboratories, clinical diagnostics, and academic institutions, this High-Speed Laboratory Centrifuge enhances productivity and accuracy by providing reliable and efficient sample separation capabilities.</p>', 3500000.00, '1723002409_ff98395720c90cd0df10.jpeg', 'Makassar', 10, NULL);
INSERT INTO `products` VALUES (17, 'LG Air Handling Unit', '<h2>High-Speed Laboratory Centrifuge</h2><p>The High-Speed Laboratory Centrifuge is a powerful and efficient tool designed for rapid sample separation in laboratory settings. Engineered to deliver high rotational speeds and precise performance, this centrifuge is ideal for applications such as separating biological samples, purifying proteins, and isolating cellular components. Its advanced technology ensures consistent results and reliable operation, even under demanding conditions.<br>With a focus on speed, accuracy, and ease of use, this centrifuge is an essential piece of equipment for researchers and laboratory technicians.</p><br><h3>Key Features:</h3><ul><li><strong>High-Speed Operation:</strong>Capable of reaching high rotational speeds for efficient and rapid sample separation.<br></li><li><strong>Precise Control:</strong>Features adjustable speed and time settings for accurate and customizable separation processes.<br></li><li><strong>Durable Construction:</strong>Built with high-quality materials to ensure long-lasting performance and withstand frequent use.<br></li><li><strong>Easy-to-Use Interface:</strong>Designed with a user-friendly control panel for intuitive operation and quick setup.<br></li><li><strong>Versatile Capacity:</strong>Accommodates a range of sample sizes and types, making it suitable for various laboratory applications.<br></li></ul><p>Ideal for use in research laboratories, clinical diagnostics, and academic institutions, this High-Speed Laboratory Centrifuge enhances productivity and accuracy by providing reliable and efficient sample separation capabilities.</p>', 700000.00, '1723002760_e68f80ae99068920f775.jpg', 'Pontianak', 10, NULL);
INSERT INTO `products` VALUES (18, 'Daikin Air Purifier', '<h2>Air Purifier</h2><p>The Air Purifier is designed to improve indoor air quality with advanced filtration technology, making it an essential addition to any home or office environment. Manufactured by Daikin, this air purifier effectively removes airborne pollutants, allergens, and odors, ensuring a healthier and more comfortable living space. Its advanced filtration system captures microscopic particles and contaminants, providing cleaner and fresher air.<br>With its user-friendly features and efficient performance, this air purifier enhances indoor air quality and contributes to a healthier environment.</p><br><h3>Key Features:</h3><ul><li><strong>Advanced Filtration:</strong>Utilizes multi-stage filtration technology to capture dust, pollen, smoke, and other airborne pollutants.<br></li><li><strong>High-Efficiency Particulate Air (HEPA) Filter:</strong>Equipped with a HEPA filter that traps microscopic particles as small as 0.3 microns for superior air purification.<br></li><li><strong>Odor Removal:</strong>Includes activated carbon filters that effectively eliminate unpleasant odors and volatile organic compounds (VOCs).<br></li><li><strong>Quiet Operation:</strong>Designed to operate quietly, ensuring minimal disruption to daily activities and providing a peaceful environment.<br></li><li><strong>User-Friendly Controls:</strong>Features intuitive controls and settings for easy operation and customization according to your air quality needs.<br></li></ul><p>Ideal for use in homes, offices, and other indoor spaces, this Air Purifier by Daikin enhances air quality by providing effective filtration and removing contaminants, creating a cleaner and more comfortable atmosphere.</p>', 500000.00, '1723002863_166c9ec65ee0efe9aa98.jpg', 'Manado', 10, NULL);
INSERT INTO `products` VALUES (19, 'JCB Excavator', '<h2>Excavator</h2><p>The Excavator is a powerful and versatile machine designed for construction and earth-moving tasks. Manufactured by JCB, this excavator is engineered to handle a wide range of applications, including digging, grading, and lifting. Its robust construction and advanced hydraulic systems ensure reliable performance and efficiency on job sites.<br>With its combination of strength, precision, and durability, this excavator is ideal for heavy-duty tasks in various construction and earth-moving projects.</p><br><h3>Key Features:</h3><ul><li><strong>Powerful Engine:</strong>Equipped with a high-performance engine that provides the power needed for demanding tasks and heavy workloads.<br></li><li><strong>Advanced Hydraulic System:</strong>Features a sophisticated hydraulic system for precise control and efficient operation in various earth-moving applications.<br></li><li><strong>Durable Construction:</strong>Built with high-strength materials and components to withstand the rigors of tough job sites and extended use.<br></li><li><strong>Versatile Attachments:</strong>Compatible with a range of attachments, such as buckets, hammers, and grapples, to enhance its functionality and adaptability.<br></li><li><strong>Comfortable Operator Cabin:</strong>Designed with a spacious and ergonomic cabin that provides comfort and ease of operation for extended periods.<br></li></ul><p>Ideal for use in construction, excavation, and earth-moving projects, this Excavator by JCB offers reliable performance and versatility, making it an essential tool for a wide range of heavy-duty applications.</p>', 99999999.99, '1723002933_5873a52fbd51af0ca0ad.jpeg', 'Samarinda', 10, NULL);
INSERT INTO `products` VALUES (20, 'CAT Bulldozer', '<h2>Heavy-Duty Bulldozer</h2><p>The Heavy-Duty Bulldozer is engineered for large-scale construction projects, offering unmatched power and durability. Manufactured by CAT, this bulldozer is designed to tackle tough terrain and heavy loads with ease. Its robust build and advanced features make it an essential machine for moving earth, grading surfaces, and preparing sites for further construction.<br>With its high performance and reliability, this bulldozer excels in demanding environments, making it a key asset for major construction and earth-moving tasks.</p><br><h3>Key Features:</h3><ul><li><strong>High-Power Engine:</strong>Equipped with a powerful engine that delivers exceptional force and efficiency for large-scale operations.<br></li><li><strong>Heavy-Duty Blade:</strong>Features a wide, reinforced blade that effectively moves and grades large volumes of material with precision.<br></li><li><strong>Durable Construction:</strong>Built with high-strength materials to endure the demands of rugged construction sites and extended use.<br></li><li><strong>Advanced Hydraulics:</strong>Incorporates a state-of-the-art hydraulic system for smooth operation and control of the blade and other attachments.<br></li><li><strong>Comfortable Operator Cabin:</strong>Designed with an ergonomic cabin that provides comfort and visibility, enhancing operator efficiency and reducing fatigue.<br></li></ul><p>Ideal for use in major construction projects, earth-moving tasks, and site preparation, this Heavy-Duty Bulldozer by CAT offers powerful performance and reliability, making it a crucial tool for large-scale operations.</p>', 50000000.00, '1723002982_33652774bc645389478c.jpg', 'Solo', 10, NULL);
INSERT INTO `products` VALUES (21, 'Toyota Electric Pallet Jack', '<h2>Electric Pallet Jack</h2><p>The Electric Pallet Jack is designed to enhance efficiency in warehouse operations by providing a reliable and easy-to-use solution for moving and lifting pallets. Manufactured by Toyota, this electric pallet jack combines robust performance with ergonomic design to streamline material handling tasks. Its electric drive system ensures smooth operation and minimizes operator effort, making it ideal for busy warehouse environments.<br>With its advanced features and durable construction, this electric pallet jack is a valuable asset for improving productivity and safety in material handling processes.</p><br><h3>Key Features:</h3><ul><li><strong>Electric Drive System:</strong>Provides smooth and efficient operation with reduced manual effort, making pallet handling easier and faster.<br></li><li><strong>Heavy-Duty Construction:</strong>Built with high-quality materials to withstand the demands of frequent use and heavy loads in warehouse settings.<br></li><li><strong>Ergonomic Design:</strong>Features a comfortable handle and intuitive controls for ease of operation and reduced operator fatigue.<br></li><li><strong>High Maneuverability:</strong>Equipped with advanced steering and braking systems for precise control and maneuverability in tight spaces.<br></li><li><strong>Load Capacity:</strong>Capable of handling substantial weights, making it suitable for a variety of warehouse and distribution tasks.<br></li></ul><p>Ideal for use in warehouses, distribution centers, and retail environments, this Electric Pallet Jack by Toyota enhances operational efficiency and safety, providing a reliable solution for effective material handling.</p>', 2800000.00, '1723003051_8d3ba83ce4650c5fb26c.jpeg', 'Batam', 10, NULL);
INSERT INTO `products` VALUES (22, 'Konecranes Overhead Crane', '<h2>Overhead Crane</h2><p>The Overhead Crane is designed to efficiently lift and transport heavy loads within industrial factories and manufacturing facilities. Manufactured by Konecranes, this crane offers high lifting capacities and precision control, making it essential for handling large and heavy materials in various industrial settings. Its robust construction and advanced technology ensure reliable performance and safety during operation.<br>Ideal for use in factories, warehouses, and production lines, this overhead crane enhances operational efficiency and facilitates the handling of cumbersome loads with ease.</p><br><h3>Key Features:</h3><ul><li><strong>High Lifting Capacity:</strong>Engineered to lift and move heavy loads with ease, making it suitable for large-scale industrial applications.<br></li><li><strong>Advanced Control Systems:</strong>Equipped with precise control mechanisms for smooth and accurate operation, enhancing safety and efficiency.<br></li><li><strong>Durable Construction:</strong>Built with high-strength materials to withstand the rigors of heavy-duty use and provide long-lasting reliability.<br></li><li><strong>Flexible Operation:</strong>Features adjustable hoisting and movement options to accommodate various load sizes and handling requirements.<br></li><li><strong>Safety Features:</strong>Includes safety systems and sensors to prevent accidents and ensure safe operation in demanding environments.<br></li></ul><p>Ideal for use in manufacturing plants, distribution centers, and heavy industry facilities, this Overhead Crane by Konecranes enhances material handling capabilities, providing a powerful and dependable solution for lifting and transporting heavy loads.</p>', 99999999.99, '1723003137_8c1312b4aabe58d3aa1b.jpg', 'Cirebon', 10, NULL);
INSERT INTO `products` VALUES (23, 'SMA Solar Inverter', '<h2>High-Efficiency Solar Inverter</h2><p>The High-Efficiency Solar Inverter is designed to optimize the performance of renewable energy systems by converting solar energy into usable electrical power. Manufactured by SMA, this inverter offers advanced technology and high efficiency, ensuring maximum energy output from solar panels. Its reliable performance and durability make it an essential component for both residential and commercial solar power systems.<br>With its user-friendly features and robust design, this solar inverter enhances the efficiency and effectiveness of renewable energy installations.</p><br><h3>Key Features:</h3><ul><li><strong>High Conversion Efficiency:</strong>Provides excellent efficiency in converting solar energy into electrical power, maximizing energy output.<br></li><li><strong>Advanced Technology:</strong>Incorporates the latest technology for improved performance, reliability, and energy management.<br></li><li><strong>Durable Construction:</strong>Built with high-quality materials to withstand various environmental conditions and ensure long-term reliability.<br></li><li><strong>User-Friendly Interface:</strong>Features an intuitive control panel and monitoring system for easy operation and real-time performance tracking.<br></li><li><strong>Flexible Installation:</strong>Designed for versatile installation options, suitable for both residential and commercial solar energy systems.<br></li></ul><p>Ideal for use in solar power systems, this High-Efficiency Solar Inverter by SMA enhances the performance and reliability of renewable energy installations, providing a dependable solution for converting solar energy into usable power.</p>', 1500000.00, '1723003279_500593720a6a0b3d7f63.jpeg', 'Kendari', 10, NULL);
INSERT INTO `products` VALUES (24, 'Canadian Solar Panels', '<h2>High-Performance Solar Panels</h2><p>High-Performance Solar Panels by Canadian Solar are designed to deliver superior energy production and efficiency for solar power systems. These panels utilize advanced photovoltaic technology to convert sunlight into electrical energy with exceptional performance. Ideal for both residential and commercial applications, these solar panels offer reliable and long-lasting energy solutions.<br>With their robust design and high efficiency, these panels are a key component for maximizing energy output in solar installations.</p><br><h3>Key Features:</h3><ul><li><strong>High Energy Conversion Efficiency:</strong>Utilizes cutting-edge technology to achieve high levels of energy conversion from sunlight, ensuring maximum power output.<br></li><li><strong>Durable Construction:</strong>Built with high-quality materials to withstand harsh environmental conditions and provide long-term reliability.<br></li><li><strong>Advanced Photovoltaic Technology:</strong>Incorporates the latest advancements in solar cell technology for enhanced performance and efficiency.<br></li><li><strong>Wide Range of Applications:</strong>Suitable for various installations, including residential rooftops, commercial buildings, and solar farms.<br></li><li><strong>Low Maintenance:</strong>Designed for minimal maintenance requirements, ensuring ease of use and long-term durability.<br></li></ul><p>Ideal for enhancing energy production in solar power systems, High-Performance Solar Panels by Canadian Solar offer a reliable and efficient solution for converting sunlight into usable energy, making them an essential choice for sustainable energy projects.</p>', 4000000.00, '1723003334_db48f90f26b9634fb066.jpeg', 'Tangerang', 10, NULL);
INSERT INTO `products` VALUES (25, 'Allen-Bradley ControlLogix PLC', '<h2>Programmable Logic Controller (PLC) for Industrial Automation</h2><p>The Programmable Logic Controller (PLC) for Industrial Automation by Allen-Bradley is designed to streamline and enhance industrial processes through advanced automation technology. This PLC offers reliable and precise control for a variety of industrial applications, including manufacturing, process control, and machinery automation. With its robust performance and versatility, it is an essential component for improving efficiency and productivity in industrial environments.<br>The PLC\'s advanced features and user-friendly interface make it a valuable tool for optimizing operations and managing complex automation tasks.</p><br><h3>Key Features:</h3><ul><li><strong>Advanced Control Capabilities:</strong>Provides precise and reliable control over industrial processes, machinery, and systems.<br></li><li><strong>Scalable Architecture:</strong>Offers scalable solutions to accommodate a range of automation needs, from simple to complex systems.<br></li><li><strong>Durable and Robust:</strong>Designed to withstand harsh industrial environments and provide consistent performance under demanding conditions.<br></li><li><strong>User-Friendly Interface:</strong>Features an intuitive interface and programming tools for easy setup, configuration, and operation.<br></li><li><strong>Integration Flexibility:</strong>Supports integration with various industrial devices and communication protocols for seamless automation solutions.<br></li></ul><p>Ideal for use in manufacturing plants, production lines, and industrial facilities, the Programmable Logic Controller by Allen-Bradley enhances automation capabilities, improving operational efficiency and reliability in industrial processes.</p>', 850000.00, '1723003434_ff89b2bc45e6dea555e9.webp', 'Jakarta', 10, NULL);
INSERT INTO `products` VALUES (26, 'ABB IRB 6700 Robot Arm', '<h2>Industrial Robot Arm for High Precision Tasks</h2><p>The Industrial Robot Arm by ABB is engineered for high precision tasks in manufacturing and automation environments. Designed to handle intricate and detailed operations with exceptional accuracy, this robot arm is ideal for applications requiring meticulous control and repeatability. Its advanced technology and robust design make it a valuable asset for industries ranging from automotive to electronics and beyond.<br>With its superior performance and versatility, this robot arm enhances productivity and ensures high-quality results in precision-based operations.</p><br><h3>Key Features:</h3><ul><li><strong>High Precision:</strong>Offers exceptional accuracy and repeatability for detailed and intricate tasks, ensuring consistent results.<br></li><li><strong>Advanced Robotics Technology:</strong>Utilizes cutting-edge technology for precise control and integration with various industrial processes.<br></li><li><strong>Durable Construction:</strong>Built with high-quality materials to withstand the demands of rigorous industrial environments and extended use.<br></li><li><strong>Versatile Applications:</strong>Suitable for a wide range of tasks, including assembly, welding, and material handling in various industries.<br></li><li><strong>Enhanced Efficiency:</strong>Improves operational efficiency by performing tasks with high speed and accuracy, reducing manual labor and errors.<br></li></ul><p>Ideal for use in precision-based manufacturing and automation tasks, the Industrial Robot Arm by ABB delivers reliable performance and high accuracy, making it an essential tool for achieving excellence in complex industrial operations.</p>', 3100000.00, '1723003500_995360f82f534a8b5f11.jpeg', 'Bandung', 10, NULL);
INSERT INTO `products` VALUES (27, '3M Reinforced Polypropylene Sheets', '<h2>Polypropylene Sheets with Reinforcement</h2><p>Polypropylene Sheets with Reinforcement by 3M are engineered for heavy-duty applications, offering exceptional strength and durability. These sheets are designed to withstand rigorous use in various industrial and commercial environments. The reinforcement enhances their structural integrity, making them ideal for applications that require robust and reliable material performance.<br>With their advanced design and high-quality construction, these polypropylene sheets are well-suited for demanding tasks and environments where durability and resilience are critical.</p><br><h3>Key Features:</h3><ul><li><strong>Enhanced Strength:</strong>Reinforced polypropylene provides superior strength and durability, capable of handling heavy-duty applications.<br></li><li><strong>High Resistance:</strong>Offers excellent resistance to chemicals, impacts, and environmental factors, ensuring long-lasting performance.<br></li><li><strong>Lightweight:</strong>Despite their strength, these sheets remain lightweight, facilitating ease of handling and installation.<br></li><li><strong>Versatile Applications:</strong>Suitable for a range of applications including industrial, commercial, and manufacturing uses where robust material is required.<br></li><li><strong>Easy to Process:</strong>Can be easily cut, drilled, and shaped to meet specific requirements, offering flexibility for various projects.<br></li></ul><p>Ideal for use in environments requiring high-strength materials, Polypropylene Sheets with Reinforcement by 3M deliver reliable performance and durability, making them a preferred choice for heavy-duty applications in diverse settings.</p>', 450000.00, '1723003646_274d8e61d0efe4ff4870.jpeg', 'Surabaya', 10, NULL);
INSERT INTO `products` VALUES (28, 'ArcelorMittal Steel Beams', '<h2>High-Strength Steel Beams for Construction</h2><p>High-Strength Steel Beams by ArcelorMittal are designed to provide superior structural support in construction projects. Engineered for durability and load-bearing capacity, these steel beams are ideal for use in various structural applications, including commercial buildings, bridges, and industrial facilities. Their high strength and reliability ensure stable and secure frameworks for a wide range of construction needs.<br>With their advanced manufacturing and high-quality materials, these steel beams offer exceptional performance and resilience in demanding construction environments.</p><br><h3>Key Features:</h3><ul><li><strong>High Load-Bearing Capacity:</strong>Designed to support significant loads and stresses, making them suitable for large-scale construction projects.<br></li><li><strong>Durable Construction:</strong>Made from high-strength steel to withstand harsh environmental conditions and ensure long-term reliability.<br></li><li><strong>Versatile Applications:</strong>Suitable for various structural applications including commercial buildings, bridges, and industrial structures.<br></li><li><strong>Precision Engineering:</strong>Manufactured with high precision to meet stringent industry standards and ensure structural integrity.<br></li><li><strong>Easy Fabrication:</strong>Can be easily cut, welded, and assembled to fit specific construction requirements, offering flexibility in design and installation.<br></li></ul><p>Ideal for structural applications in construction, High-Strength Steel Beams by ArcelorMittal provide reliable and robust support, contributing to the stability and safety of large-scale projects and infrastructure.</p>', 700000.00, '1723003835_f462e5af6c8bf777b04a.jpeg', 'Medan', 10, NULL);
INSERT INTO `products` VALUES (29, 'Analog Devices ADuC7026', '<h2>Precision Microcontroller with Integrated Analog Functions</h2><p>The Precision Microcontroller with Integrated Analog Functions by Analog Devices offers high-performance processing and versatile analog capabilities for a range of embedded applications. Engineered for precision and reliability, this microcontroller integrates advanced analog functions to handle complex signal processing tasks, making it ideal for applications in industrial automation, medical devices, and consumer electronics.<br>With its advanced features and high accuracy, this microcontroller provides a comprehensive solution for managing and processing analog signals in demanding environments.</p><br><h3>Key Features:</h3><ul><li><strong>Integrated Analog Functions:</strong>Combines analog signal processing capabilities with digital control, enhancing the versatility of embedded systems.<br></li><li><strong>High Precision:</strong>Designed for accurate and reliable processing of analog signals, ensuring high performance in critical applications.<br></li><li><strong>Advanced Processing Power:</strong>Equipped with a high-performance processor to handle complex tasks and calculations efficiently.<br></li><li><strong>Flexible Application:</strong>Suitable for a wide range of applications, including industrial automation, medical equipment, and consumer electronics.<br></li><li><strong>Robust Design:</strong>Built to operate reliably in various environmental conditions and demanding usage scenarios.<br></li></ul><p>Ideal for embedded systems requiring precise analog signal processing, the Precision Microcontroller by Analog Devices offers a robust and versatile solution, enhancing the functionality and performance of advanced electronic applications.</p>', 500000.00, '1723003958_b6ec9a2751f7f414ed2c.webp', 'Denpasar', 10, NULL);
INSERT INTO `products` VALUES (30, 'Keysight Technologies Oscilloscope', '<h2>High-Performance Digital Oscilloscope</h2><p>The High-Performance Digital Oscilloscope by Keysight Technologies is designed to deliver precise and detailed measurements for advanced electronic testing and analysis. This oscilloscope provides high-resolution signal capture and analysis capabilities, making it ideal for research, development, and troubleshooting in complex electronic systems. Its advanced features and robust performance support a wide range of applications from basic diagnostics to high-frequency signal analysis.<br>With its cutting-edge technology and user-friendly interface, this digital oscilloscope offers reliable and accurate performance for professional electronic measurement tasks.</p><br><h3>Key Features:</h3><ul><li><strong>High Resolution:</strong>Provides detailed signal capture with high resolution, enabling precise measurement and analysis.<br></li><li><strong>Advanced Triggering:</strong>Features advanced triggering capabilities for capturing complex and transient signals with accuracy.<br></li><li><strong>Wide Bandwidth:</strong>Equipped with a broad bandwidth range to handle high-frequency signals and applications.<br></li><li><strong>Intuitive Interface:</strong>Offers a user-friendly interface with easy-to-use controls and measurement tools for efficient operation.<br></li><li><strong>Versatile Applications:</strong>Suitable for a variety of tasks including signal analysis, troubleshooting, and waveform analysis in diverse electronic systems.<br></li></ul><p>Ideal for professionals in research and development, testing, and troubleshooting, the High-Performance Digital Oscilloscope by Keysight Technologies provides precise and reliable measurements, enhancing the effectiveness of electronic diagnostics and analysis.</p>', 1800000.00, '1723004062_de60c4a76d555a7c908d.jpeg', 'Bekasi', 10, NULL);
INSERT INTO `products` VALUES (31, 'DeWalt Cordless Drill', '<h2>Cordless Drill with High Torque and Battery Life</h2><p>The Cordless Drill with High Torque and Battery Life by DeWalt is engineered for powerful and efficient drilling and driving in a variety of applications. Featuring high torque and extended battery life, this drill is ideal for both professional tradespeople and DIY enthusiasts who need reliable performance and extended operation without frequent recharges. Its ergonomic design and advanced technology ensure comfort and efficiency in demanding tasks.<br>With its robust features and durable construction, this cordless drill offers dependable performance for a wide range of drilling and fastening tasks.</p><br><h3>Key Features:</h3><ul><li><strong>High Torque:</strong>Provides substantial torque for handling tough materials and demanding drilling applications.<br></li><li><strong>Long Battery Life:</strong>Equipped with a high-capacity battery that ensures extended use between charges, enhancing productivity.<br></li><li><strong>Ergonomic Design:</strong>Designed for comfort and ease of use with a balanced, lightweight build and ergonomic grip.<br></li><li><strong>Versatile Operation:</strong>Suitable for a wide range of tasks including drilling, driving screws, and fastening in various materials.<br></li><li><strong>Durable Construction:</strong>Built to withstand heavy use and harsh conditions, ensuring long-lasting reliability.<br></li></ul><p>Ideal for professionals and DIY users alike, the Cordless Drill by DeWalt delivers powerful performance and extended battery life, making it a valuable tool for efficient and effective drilling and fastening tasks.</p>', 150000.00, '1723004130_06064e25a0fadf28fb0c.jpg', 'Semarang', 10, NULL);
INSERT INTO `products` VALUES (32, 'Makita Circular Saw', '<h2>Reliable Circular Saw for Cutting Various Materials</h2><p>The Reliable Circular Saw by Makita is designed to provide precision and efficiency in cutting a wide range of materials. Whether you\'re working with wood, metal, or plastic, this circular saw delivers consistent performance and accurate cuts. Its robust construction and advanced features make it an essential tool for both professional contractors and DIY enthusiasts looking for dependable and versatile cutting solutions.<br>With its powerful motor and ergonomic design, this circular saw ensures reliable operation and ease of use in various cutting tasks.</p><br><h3>Key Features:</h3><ul><li><strong>Powerful Motor:</strong>Equipped with a high-performance motor to handle tough cutting tasks with ease.<br></li><li><strong>Versatile Cutting:</strong>Capable of cutting through a variety of materials including wood, metal, and plastic, offering flexibility for different projects.<br></li><li><strong>Precision Cutting:</strong>Features a precision-engineered blade and adjustable depth settings for accurate and clean cuts.<br></li><li><strong>Ergonomic Design:</strong>Designed with user comfort in mind, including a lightweight build and comfortable grip for reduced fatigue during extended use.<br></li><li><strong>Durable Construction:</strong>Built to withstand heavy-duty use and harsh conditions, ensuring long-lasting reliability.<br></li></ul><p>Ideal for a wide range of cutting applications, the Reliable Circular Saw by Makita offers powerful performance and precision, making it a valuable addition to any toolbox for both professional and home use.</p>', 200000.00, '1723004210_47487fefc8bd2044c1cc.jpg', 'Yogyakarta', 10, NULL);
INSERT INTO `products` VALUES (33, '3M Respirator Mask', '<h2>Advanced Respirator Mask for Hazardous Environments</h2><p>The Advanced Respirator Mask by 3M is specifically designed to provide superior protection in hazardous environments. Engineered for high efficiency and comfort, this respirator mask is ideal for use in industrial settings, construction sites, and other areas where exposure to harmful substances is a concern. It offers advanced filtration and a secure fit to ensure effective protection against airborne contaminants.<br>With its high-quality materials and innovative design, this respirator mask delivers reliable performance and enhanced safety in challenging environments.</p><br><h3>Key Features:</h3><ul><li><strong>High-Efficiency Filtration:</strong>Equipped with advanced filters that provide excellent protection against airborne particles and gases.<br></li><li><strong>Secure Fit:</strong>Designed to ensure a tight and comfortable fit, reducing the risk of leakage and enhancing overall protection.<br></li><li><strong>Comfortable Design:</strong>Features a lightweight and ergonomic design with adjustable straps and a soft seal for all-day comfort.<br></li><li><strong>Durable Construction:</strong>Made from high-quality, durable materials that withstand harsh conditions and frequent use.<br></li><li><strong>Versatile Applications:</strong>Suitable for various hazardous environments including industrial, construction, and emergency response scenarios.<br></li></ul><p>Ideal for professionals working in hazardous conditions, the Advanced Respirator Mask by 3M offers exceptional protection and comfort, ensuring safety and peace of mind in environments with potential airborne hazards.</p>', 500000.00, '1723004261_eb4173460cbcb4a3fdd3.png', 'Palembang', 10, NULL);
INSERT INTO `products` VALUES (34, 'Rite-Hite Safety Barriers', '<h2>Advanced Respirator Mask for Hazardous Environments</h2><p>The Advanced Respirator Mask by 3M is specifically designed to provide superior protection in hazardous environments. Engineered for high efficiency and comfort, this respirator mask is ideal for use in industrial settings, construction sites, and other areas where exposure to harmful substances is a concern. It offers advanced filtration and a secure fit to ensure effective protection against airborne contaminants.<br>With its high-quality materials and innovative design, this respirator mask delivers reliable performance and enhanced safety in challenging environments.</p><br><h3>Key Features:</h3><ul><li><strong>High-Efficiency Filtration:</strong>Equipped with advanced filters that provide excellent protection against airborne particles and gases.<br></li><li><strong>Secure Fit:</strong>Designed to ensure a tight and comfortable fit, reducing the risk of leakage and enhancing overall protection.<br></li><li><strong>Comfortable Design:</strong>Features a lightweight and ergonomic design with adjustable straps and a soft seal for all-day comfort.<br></li><li><strong>Durable Construction:</strong>Made from high-quality, durable materials that withstand harsh conditions and frequent use.<br></li><li><strong>Versatile Applications:</strong>Suitable for various hazardous environments including industrial, construction, and emergency response scenarios.<br></li></ul><p>Ideal for professionals working in hazardous conditions, the Advanced Respirator Mask by 3M offers exceptional protection and comfort, ensuring safety and peace of mind in environments with potential airborne hazards.</p>', 1200000.00, '1723004388_7a896b30bf1519e988cc.jpeg', 'Balikpapan', 10, NULL);
INSERT INTO `products` VALUES (35, 'Eaton Hydraulic Pump', '<h2>High-Efficiency Hydraulic Pump for Industrial Use</h2><p>The High-Efficiency Hydraulic Pump by Eaton is engineered to deliver reliable and powerful performance in demanding industrial applications. Designed for optimal efficiency and durability, this hydraulic pump is ideal for use in various hydraulic systems where high pressure and performance are required. Its advanced technology ensures consistent operation and energy savings, making it a valuable component for industrial machinery and equipment.<br>With its robust construction and high-efficiency design, this hydraulic pump provides dependable performance and long-lasting reliability in industrial environments.</p><br><h3>Key Features:</h3><ul><li><strong>High Efficiency:</strong>Designed to maximize energy efficiency, reducing operational costs and improving system performance.<br></li><li><strong>Robust Construction:</strong>Built with high-quality materials to withstand heavy-duty use and harsh industrial conditions.<br></li><li><strong>Reliable Performance:</strong>Provides consistent and dependable operation under high pressure, ensuring smooth and efficient hydraulic system function.<br></li><li><strong>Versatile Applications:</strong>Suitable for a wide range of industrial applications including manufacturing, construction, and heavy machinery.<br></li><li><strong>Easy Maintenance:</strong>Engineered for easy maintenance and serviceability, reducing downtime and extending the pump\'s operational lifespan.<br></li></ul><p>Ideal for high-demand industrial settings, the High-Efficiency Hydraulic Pump by Eaton offers superior performance and reliability, enhancing the efficiency and effectiveness of hydraulic systems across various applications.</p>', 3500000.00, '1723004490_44ee9a4aa0fb68728017.jpg', 'Pekanbaru', 10, NULL);
INSERT INTO `products` VALUES (36, 'Atlas Copco Air Compressor', '<h2>Industrial Air Compressor for High-Demand Applications</h2><p>The Industrial Air Compressor by Atlas Copco is engineered to deliver reliable and efficient performance for high-demand applications. Designed for industrial settings where continuous and robust air supply is critical, this air compressor offers exceptional durability, energy efficiency, and consistent operation. Its advanced technology ensures optimal air delivery and reduced operational costs, making it an essential component for a variety of industrial processes.<br>With its high-performance design and durable construction, this air compressor meets the needs of demanding industrial environments, providing a dependable source of compressed air for various applications.</p><br><h3>Key Features:</h3><ul><li><strong>High Efficiency:</strong>Engineered for optimal energy efficiency, reducing operating costs and improving overall performance.<br></li><li><strong>Durable Construction:</strong>Built with robust materials to withstand harsh industrial environments and ensure long-term reliability.<br></li><li><strong>Consistent Operation:</strong>Delivers a stable and reliable air supply, essential for continuous operation in high-demand applications.<br></li><li><strong>Advanced Technology:</strong>Incorporates cutting-edge technology to enhance performance, efficiency, and ease of use.<br></li><li><strong>Versatile Applications:</strong>Suitable for a wide range of industrial applications, including manufacturing, construction, and maintenance.<br></li></ul><p>Ideal for high-demand industrial environments, the Industrial Air Compressor by Atlas Copco provides reliable and efficient air supply, supporting various applications with its advanced technology and durable design.</p>', 60000000.00, '1723004589_8c539d651a0ac3860611.webp', 'Banda Aceh', 10, NULL);
INSERT INTO `products` VALUES (37, 'Thermo Fisher Scientific Spectrometer', '<h2>Advanced Spectrometer for Laboratory Analysis</h2><p>The Advanced Spectrometer by Thermo Fisher is designed for precise and detailed laboratory analysis. With cutting-edge technology and exceptional accuracy, this spectrometer is ideal for a variety of analytical applications, including chemical analysis, material characterization, and research studies. It provides high-resolution measurements and comprehensive data, making it a valuable tool for scientists and researchers seeking reliable analytical results.<br>Its advanced features and robust design ensure consistent performance and versatility in complex laboratory environments.</p><br><h3>Key Features:</h3><ul><li><strong>High Resolution:</strong>Delivers precise and detailed measurements with high resolution, essential for accurate laboratory analysis.<br></li><li><strong>Advanced Technology:</strong>Incorporates the latest technological advancements for enhanced analytical capabilities and data accuracy.<br></li><li><strong>Versatile Applications:</strong>Suitable for a wide range of analytical tasks including chemical analysis, material testing, and research applications.<br></li><li><strong>User-Friendly Interface:</strong>Features an intuitive interface that simplifies operation and data interpretation.<br></li><li><strong>Robust Design:</strong>Built to withstand rigorous laboratory conditions and ensure long-term reliability and performance.<br></li></ul><p>Ideal for professional and research laboratories, the Advanced Spectrometer by Thermo Fisher offers superior accuracy and versatility, providing reliable results for a broad range of analytical applications.</p>', 1950000.00, '1723004695_9dab7530dcba47bf07f9.jpg', 'Malang', 10, NULL);
INSERT INTO `products` VALUES (38, 'Horiba Scientific pH Meter', '<h2>Precision pH Meter for Accurate Measurements</h2><p>The Precision pH Meter by Horiba Scientific is engineered to provide accurate and reliable pH measurements in a variety of laboratory and field applications. Designed for precision and ease of use, this pH meter offers high accuracy and stability, making it ideal for scientific research, quality control, and environmental testing. Its advanced features ensure precise pH readings and consistent performance, making it a valuable tool for any application requiring accurate pH measurement.<br>With its user-friendly interface and durable construction, this pH meter is well-suited for both routine and specialized measurement tasks.</p><br><h3>Key Features:</h3><ul><li><strong>High Accuracy:</strong>Provides precise and reliable pH measurements with high accuracy for various applications.<br></li><li><strong>Advanced Technology:</strong>Incorporates advanced measurement technology to ensure stable and consistent pH readings.<br></li><li><strong>User-Friendly Interface:</strong>Features an intuitive interface for easy operation and quick access to measurement data.<br></li><li><strong>Durable Construction:</strong>Built to withstand frequent use in laboratory and field environments, ensuring long-term reliability.<br></li><li><strong>Versat', 800000.00, '1723004752_25686689b6269990a850.jpg', 'Makassar', 10, NULL);
INSERT INTO `products` VALUES (39, 'Trane Chiller Unit', '<h2>Energy-Efficient Chiller Unit for Large-Scale Cooling Systems</h2><p>The Energy-Efficient Chiller Unit by Trane is designed to provide reliable and cost-effective cooling for large-scale applications. Engineered with advanced technology to optimize energy consumption, this chiller unit ensures efficient operation and reduced operational costs. It is ideal for use in commercial buildings, industrial facilities, and other large environments where effective cooling is essential.<br>With its robust design and high performance, this chiller unit delivers consistent and efficient cooling, supporting large-scale cooling systems with reliability and effectiveness.</p><br><h3>Key Features:</h3><ul><li><strong>Energy Efficiency:</strong>Designed to maximize energy efficiency, reducing operational costs and environmental impact.<br></li><li><strong>Advanced Technology:</strong>Incorporates the latest cooling technology for optimal performance and reliability.<br></li><li><strong>High Performance:</strong>Delivers effective and consistent cooling for large-scale applications, ensuring a stable temperature control.<br></li><li><strong>Durable Construction:</strong>Built with high-quality materials to withstand demanding operational conditions and ensure long-term reliability.<br></li><li><strong>Versatile Applications:</strong>Suitable for a wide range of large-scale cooling systems including commercial buildings, ind', 12000000.00, '1723004815_732024b45b450b55f962.jpeg', 'Pontianak', 10, NULL);
INSERT INTO `products` VALUES (40, 'Midea Air Conditioning Unit', '<h2>Compact Air Conditioning Unit for Residential Use</h2><p>The Compact Air Conditioning Unit by Midea is designed to provide efficient and effective cooling for residential environments. With its sleek and compact design, this air conditioning unit seamlessly fits into any home setting while delivering powerful cooling performance. It is ideal for smaller spaces such as apartments, bedrooms, or home offices, where space is limited but cooling needs are essential.<br>Featuring advanced technology and user-friendly controls, this air conditioning unit ensures a comfortable living environment with minimal energy consumption.</p><br><h3>Key Features:</h3><ul><li><strong>Compact Design:</strong>Features a sleek and space-saving design that fits seamlessly into residential spaces without occupying excessive room.<br></li><li><strong>Efficient Cooling:</strong>Delivers powerful and consistent cooling to maintain a comfortable indoor climate in smaller areas.<br></li><li><strong>User-Friendly Controls:</strong>Equipped with intuitive controls and settings for easy operation and temperature adjustments.<br></li><li><strong>Energy Efficient:</strong>Designed to minimize energy consumption, providing cost-effective cooling solutions and reducing utility bills.<br></li><li><strong>Quiet Operation:</strong>Operates quietly to ensure a peaceful and undisturbed home environment.<br></li></ul><p>Perfect for residential use, the Compact Air Conditioning Unit by Midea offers effective cooling, energy efficiency, and ease of use, enhancing comfort in smaller living spaces with its advanced features and compact design.</p>', 600000.00, '1723004874_55cb268e64699c13125b.png', 'Manado', 10, NULL);
INSERT INTO `products` VALUES (41, 'Komatsu Bulldozer', '<h2>Durable Bulldozer for Heavy Construction Tasks</h2><p>The Durable Bulldozer by Komatsu is built to handle the toughest construction tasks with reliability and efficiency. Engineered for heavy-duty performance, this bulldozer is ideal for large-scale construction projects, including earth-moving, grading, and site preparation. Its robust construction and powerful engine ensure it can tackle the most demanding conditions and deliver consistent results.<br>Designed with advanced features and high durability, this bulldozer supports various heavy construction activities, providing strength and stability for complex tasks.</p><br><h3>Key Features:</h3><ul><li><strong>Heavy-Duty Construction:</strong>Built with robust materials and engineering to withstand the toughest construction environments and tasks.<br></li><li><strong>Powerful Engine:</strong>Equipped with a high-performance engine to deliver the necessary power and efficiency for demanding projects.<br></li><li><strong>Advanced Hydraulics:</strong>Features advanced hydraulic systems for precise control and enhanced performance in earth-moving and grading tasks.<br></li><li><strong>Operator Comfort:</strong>Designed with an ergonomic cabin and controls to ensure comfort and ease of use for operators during long work hours.<br></li><li><strong>Versatile Applications:</strong>Suitable for a wide range of heavy construction tasks including site preparation, grading, and material handling.<br></li></ul><p>Ideal for large-scale construction projects, the Durable Bulldozer by Komatsu offers exceptional performance and durability, providing reliable support for various heavy-duty tasks and contributing to efficient construction operations.</p>', 99999999.99, '1723004944_7cfa86502e9de48d6114.png', 'Samarinda', 10, NULL);
INSERT INTO `products` VALUES (42, 'Liebherr Crane', '<h2>High-Capacity Crane for Lifting and Construction</h2><p>The High-Capacity Crane by Liebherr is engineered to provide exceptional lifting power and reliability for construction and industrial applications. Designed to handle heavy loads with precision and safety, this crane is ideal for large-scale construction projects, including building infrastructure, lifting heavy materials, and managing complex lifting tasks.<br>Its advanced design and robust construction ensure it can operate efficiently in demanding environments, offering versatility and strength for a wide range of lifting and construction needs.</p><br><h3>Key Features:</h3><ul><li><strong>High Capacity:</strong>Capable of lifting and handling extremely heavy loads, making it suitable for large-scale construction and industrial tasks.<br></li><li><strong>Advanced Technology:</strong>Incorporates cutting-edge technology for enhanced lifting precision, stability, and safety.<br></li><li><strong>Robust Construction:</strong>Built with durable materials and engineering to withstand the rigors of heavy lifting and demanding construction environments.<br></li><li><strong>Versatile Applications:</strong>Ideal for various construction and industrial applications, including infrastructure development, material handling, and large-scale lifting operations.<br></li><li><strong>Operator Safety and Comfort:</strong>Designed with safety features and a comfortable operator cabin to ensure efficient and safe operation during extended use.<br></li></ul><p>Perfect for heavy lifting and construction projects, the High-Capacity Crane by Liebherr delivers powerful performance and reliability, supporting a wide range of lifting and construction activities with its advanced features and robust design.</p>', 99999999.99, '1723005062_aaae2ad1447cf11720f9.jpg', 'Solo', 10, NULL);
INSERT INTO `products` VALUES (43, 'Jungheinrich Electric Forklift', '<h2>Electric Forklift for Efficient Warehouse Handling</h2><p>The Electric Forklift by Jungheinrich is designed to provide efficient and reliable performance for warehouse and material handling operations. With its advanced electric drive system, this forklift offers smooth, quiet, and energy-efficient operation, making it ideal for indoor use in warehouses and distribution centers.<br>Its compact design and maneuverability make it well-suited for navigating tight spaces and handling various loads, contributing to improved productivity and operational efficiency in warehouse environments.</p><br><h3>Key Features:</h3><ul><li><strong>Energy Efficient:</strong>Powered by an advanced electric drive system that minimizes energy consumption and reduces operating costs.<br></li><li><strong>Quiet Operation:</strong>Operates quietly, making it suitable for use in noise-sensitive environments such as indoor warehouses.<br></li><li><strong>Compact Design:</strong>Features a space-saving design that allows for easy maneuverability in tight aisles and crowded warehouse spaces.<br></li><li><strong>High Performance:</strong>Provides reliable lifting and handling capabilities, enhancing productivity and efficiency in material handling tasks.<br></li><li><strong>Enhanced Safety:</strong>Equipped with safety features such as stability controls and ergonomic controls to ensure safe and comfortable operation.<br></li></ul><p>Ideal for warehouse and distribution center operations, the Electric Forklift by Jungheinrich offers superior performance, efficiency, and safety, supporting efficient material handling and contributing to a streamlined warehouse operation.</p>', 32000000.00, '1723005158_13db9ad716c1c8c2ba26.jpg', 'Batam', 10, NULL);
INSERT INTO `products` VALUES (44, 'Hyster Container Handler', '<h2>Container Handler for Port and Shipping Operations</h2><p>The Container Handler by Hyster is specifically designed to manage and transport shipping containers efficiently within port and shipping environments. Engineered for robust performance and reliability, this container handler excels in lifting, stacking, and moving containers of various sizes and weights. It is ideal for use in busy ports and shipping yards, where speed and precision are crucial for maintaining smooth operations.<br>With its advanced features and durable construction, this container handler supports effective port logistics and contributes to streamlined shipping operations.</p><br><h3>Key Features:</h3><ul><li><strong>High Capacity:</strong>Capable of handling heavy and large containers, making it suitable for demanding port and shipping operations.<br></li><li><strong>Advanced Lifting Mechanism:</strong>Equipped with a sophisticated lifting system for precise and efficient container handling.<br></li><li><strong>Durable Construction:</strong>Built to withstand the harsh conditions of port environments and provide long-term reliability.<br></li><li><strong>Enhanced Maneuverability:</strong>Designed for ease of maneuvering in tight spaces and crowded areas within ports and shipping yards.<br></li><li><strong>Operator Comfort and Safety:</strong>Features an ergonomic cabin and safety controls to ensure comfortable and secure operation for the driver.<br></li></ul><p>Perfect for port and shipping operations, the Container Handler by Hyster offers exceptional performance, durability, and efficiency, facilitating effective container management and supporting seamless shipping logistics.</p>', 99999999.99, '1723005220_338624b9482e0f03b939.webp', 'Cirebon', 10, NULL);
INSERT INTO `products` VALUES (45, 'Sungrow Solar Inverter', '<h2>Reliable Solar Inverter for Photovoltaic Systems</h2><p>The Reliable Solar Inverter by Sungrow is designed to provide efficient and stable conversion of solar energy in photovoltaic systems. This inverter ensures optimal performance by converting direct current (DC) from solar panels into alternating current (AC) for use in residential and commercial applications. Engineered for reliability and efficiency, it supports various photovoltaic system configurations and enhances overall energy production.<br>With its advanced technology and robust design, this solar inverter contributes to maximizing energy yields and ensuring consistent power supply from solar installations.</p><br><h3>Key Features:</h3><ul><li><strong>High Efficiency:</strong>Delivers excellent energy conversion efficiency, maximizing the power output from photovoltaic systems.<br></li><li><strong>Advanced Technology:</strong>Incorporates state-of-the-art technology for reliable performance and enhanced energy management.<br></li><li><strong>Durable Design:</strong>Built with high-quality materials to ensure long-term reliability and withstand various environmental conditions.<br></li><li><strong>Versatile Compatibility:</strong>Supports a wide range of photovoltaic system configurations and panel types, providing flexibility in installation.<br></li><li><strong>User-Friendly Interface:</strong>Features an intuitive interface for easy monitoring and management of solar energy production.<br></li></ul><p>Ideal for both residential and commercial photovoltaic systems, the Reliable Solar Inverter by Sungrow offers superior performance and durability, enhancing the efficiency and reliability of solar energy conversion and contributing to sustainable energy solutions.</p>', 1600000.00, '1723005263_bda10fc140caf1fe2bf1.webp', 'Kendari', 10, NULL);
INSERT INTO `products` VALUES (46, 'Trina Solar Panels', '<h2>High-Efficiency Solar Panels for Energy Generation</h2><p>The High-Efficiency Solar Panels by Trina are engineered to provide superior energy generation for photovoltaic systems. Designed with cutting-edge technology, these panels offer high efficiency in converting sunlight into electricity, maximizing energy output and minimizing space requirements. Ideal for both residential and commercial solar installations, they ensure reliable and cost-effective solar energy production.<br>Their advanced design and durable construction make them well-suited for various environmental conditions, contributing to long-term performance and energy savings.</p><br><h3>Key Features:</h3><ul><li><strong>High Efficiency:</strong>Provides exceptional energy conversion rates, generating more electricity from the same amount of sunlight.<br></li><li><strong>Advanced Technology:</strong>Utilizes state-of-the-art solar cell technology for enhanced performance and reliability.<br></li><li><strong>Durable Construction:</strong>Built with high-quality materials to withstand various weather conditions and ensure long-term durability.<br></li><li><strong>Versatile Applications:</strong>Suitable for both residential and commercial solar installations, offering flexibility in deployment.<br></li><li><strong>Enhanced Performance:</strong>Designed to deliver consistent performance and high energy yield over the lifespan of the panels.<br></li></ul><p>Ideal for optimizing energy production in solar systems, the High-Efficiency Solar Panels by Trina offer excellent performance and reliability, supporting effective energy generation and contributing to sustainable energy solutions.</p>', 4200000.00, '1723005355_b146a9cc7e452176afde.png', 'Tangerang', 10, NULL);

-- ----------------------------
-- Table structure for users
-- ----------------------------
DROP TABLE IF EXISTS `users`;
CREATE TABLE `users`  (
  `id` int(11) NOT NULL AUTO_INCREMENT,
  `username` varchar(255) CHARACTER SET latin1 COLLATE latin1_swedish_ci NOT NULL,
  `password` varchar(255) CHARACTER SET latin1 COLLATE latin1_swedish_ci NOT NULL,
  PRIMARY KEY (`id`, `username`) USING BTREE
) ENGINE = InnoDB AUTO_INCREMENT = 2 CHARACTER SET = latin1 COLLATE = latin1_swedish_ci ROW_FORMAT = Dynamic;

-- ----------------------------
-- Records of users
-- ----------------------------
INSERT INTO `users` VALUES (1, 'admin', '$2y$10$cdqgf2LdiokHNS1uH/fpb.BX7JijMX9PirTY.qjvwVrxpvB.uuNua');

SET FOREIGN_KEY_CHECKS = 1;
